termID|corresp_entry|volume|Nombre|majortype|featuretype|conf_identity|idno_base|gazetteermatch|Province|region|auto|flag|corresp_concept
TopUrbiTerm16195|id_05866|2|Estero|Term|Landmark|-||-|-|-|6195|y|Estero
TopUrbiTerm16825|id_06457|2|Golfo|Term|Landmark|-||-|-|-|6825|y|Golfo
TopUrbiTerm16954|id_06583|2|Guaca|Term|Construction|-||-|-|-|6954||
TopUrbiTerm17343|id_06981|2|Guechas|Term|Social|-||-|-|-|7343||
TopUrbiTerm18145|id_07810|2|Indios|Term|Social|-||-|-|-|8145||
TopUrbiTerm18256|id_07969|2|Isla|Term|Landmark|-||-|-|-|8256|y|Isla
TopUrbiTerm18928|id_08659|2|Lago|Term|Landmark|-||-|-|-|8928|y|Lago
TopUrbiTerm20874|id_10569|3|Monte|Term|Landmark|-||-|-|-|10874|y|Monte
TopUrbiTerm21237|id_10981|3|Negros|Term|Social|-|||-|-|11237||
TopUrbiTerm21979|id_11788|3|Mestizos|Term|Social|-||-|-|-|11979||
TopUrbiTerm21999|id_11808|3|Mitimaes|Term|Social|-||-|-|-|11999||
TopUrbiTerm22040|id_11848|3|Mulato|Term|Social|-||-|-|-|12040|y|Mulato
TopUrbiTerm23317|id_18640|5|Estancia|Term|Structure|-||-|-|-|13317|y|Estancia
TopUrbiTerm23318|id_18641|5|Estoraque|Term|Pharmacy|-||-|-|-|13318||
TopUrbiTerm23319|id_18642|5|Estrella del Mar|Term|Animal|-||-|-|-|13319||
TopUrbiTerm23320|id_18851|5|Papas|Term|Botany|-||-|-|-|13320||
TopUrbiTerm23321|id_18852|5|Papaya|Term|Nutriment|-||-|-|-|13321||
TopUrbiTerm23322|id_18853|5|Paramo|Term|Landmark|-||-|-|-|13322||
TopUrbiTerm23323|id_18854|5|Pardillo|Term|Botany|-||-|-|-|13323||
TopUrbiTerm23324|id_18855|5|Pareida braba|Term|Botany|-||-|-|-|13324||
TopUrbiTerm23325|id_18856|5|Parotani|Term|Botany|-||-|-|-|13325||
TopUrbiTerm23326|id_18857|5|Pasmo|Term|Illness|-||-|-|-|13326||
TopUrbiTerm23327|id_18858|5|Pastuzo|Term|Produce|-||-|-|-|13327||
TopUrbiTerm23328|id_18859|5|Patilla|Term|Nutriment|-||-|-|-|13328||
TopUrbiTerm23329|id_18860|5|Patisaranda|Term|Botany|-||-|-|-|13329||
TopUrbiTerm23330|id_18861|5|Pauji|Term|Animal|-||-|-|-|13330||
TopUrbiTerm23331|id_18862|5|Pebetero|Term|Produce|-||-|-|-|13331||
TopUrbiTerm23332|id_18863|5|Pellon|Term|Textiles|-||-|-|-|13332||
TopUrbiTerm23333|id_18864|5|Perico ligero|Term|Animal|-||-|-|-|13333||
TopUrbiTerm23334|id_18865|5|Pericote|Term|Animal|-||-|-|-|13334||
TopUrbiTerm23335|id_18866|5|Periquito|Term|Animal|-||-|-|-|13335||
TopUrbiTerm24322|id_18802|5|Muca-muca|Term|Animal|-||-|-|-|14322||
TopUrbiTerm24323|id_18803|5|Mulato|Term|Social|-||-|-|-|14323|y|Mulato
TopUrbiTerm24324|id_18804|5|Mulita|Term|Animal|-||-|-|-|14324||
TopUrbiTerm24325|id_18805|5|Murtilla|Term|Botany|-||-|-|-|14325||
TopUrbiTerm24326|id_18806|5|Muzo|Term|Botany|-||-|-|-|14326||
TopUrbiTerm24327|id_18807|5|Naphta|Term|Mineralogy|-||-|-|-|14327||
TopUrbiTerm24328|id_18808|5|Ñame|Term|Botany|-||-|-|-|14328||
TopUrbiTerm24329|id_18809|5|Nazareno|Term|Botany|-||-|-|-|14329||
TopUrbiTerm24330|id_18810|5|Nigua|Term|Animal|-||-|-|-|14330||
TopUrbiTerm24331|id_18811|5|Nispero|Term|Botany|-||-|-|-|14331||
TopUrbiTerm24333|id_18813|5|Ñopo|Term|Social|-||-|-|-|14333||
TopUrbiTerm24334|id_18814|5|Ñorbo|Term|Botany|-||-|-|-|14334||
TopUrbiTerm24335|id_18815|5|Polvos de Oaxaca|Term|Nutriment|-||-|-|-|14335||
TopUrbiTerm24336|id_18816|5|Obraje|Term|Construction|-||-|-|-|14336|y|Obraje
TopUrbiTerm24337|id_18817|5|Oca|Term|Botany|-||-|-|-|14337||
TopUrbiTerm24338|id_18818|5|Ocote|Term|Pharmacy|-||-|-|-|14338||
TopUrbiTerm24339|id_18819|5|Oleacazan|Term|Botany|-||-|-|-|14339||
TopUrbiTerm24340|id_18820|5|Omanto|Term|Animal|-||-|-|-|14340||
TopUrbiTerm24341|id_18821|5|Organo|Term|Animal|-||-|-|-|14341||
TopUrbiTerm24342|id_18822|5|Oso hormiguero|Term|Animal|-||-|-|-|14342||
TopUrbiTerm24343|id_18823|5|Otoe|Term|Nutriment|-||-|-|-|14343||
TopUrbiTerm24344|id_18824|5|Otova|Term|Botany|-||-|-|-|14344||
TopUrbiTerm24347|id_18827|5|Pacho|Term|Synonym|-||-|-|-|14347||
TopUrbiTerm24348|id_18828|5|Paco|Term|Animal|-||-|-|-|14348||
TopUrbiTerm24349|id_18829|5|Pajaro bobo|Term|Pharmacy|-||-|-|-|14349||
TopUrbiTerm24350|id_18830|5|Pajaro mono|Term|Animal|-||-|-|-|14350||
TopUrbiTerm24351|id_18831|5|Pajaro niño|Term|Animal|-||-|-|-|14351||
TopUrbiTerm24354|id_18834|5|Palo borracho|Term|Botany|-||-|-|-|14354||
TopUrbiTerm24355|id_18835|5|Palo de Luz|Term|Botany|-||-|-|-|14355||
TopUrbiTerm24357|id_18837|5|Palo manteca|Term|Botany|-||-|-|-|14357||
TopUrbiTerm24359|id_18839|5|Palillo|Term|Nutriment|-||-|-|-|14359||
TopUrbiTerm24360|id_18840|5|Palmito|Term|Botany|-||-|-|-|14360||
TopUrbiTerm25256|id_14822|4|Savana|Term|Landmark|-||-|-|-|15256||
TopUrbiTerm26756|id_18516|5|Cascalote|Term|Botany|-||-|-|-|16756||
TopUrbiTerm26757|id_18517|5|Cascarilla|Term|Pharmacy|-||-|-|-|16757||
TopUrbiTerm26758|id_18518|5|Cascol|Term|Pharmacy|-||-|-|-|16758||
TopUrbiTerm26759|id_18519|5|Caspiroleta|Term|Nutriment|-||-|-|-|16759||
TopUrbiTerm26760|id_18520|5|Castañuela|Term|Nutriment|-||-|-|-|16760||
TopUrbiTerm26761|id_18521|5|Castellano|Term|Measurement|-||-|-|-|16761||
TopUrbiTerm26762|id_18522|5|Castor|Term|Animal|-||-|-|-|16762||
TopUrbiTerm26763|id_18524|5|Catachi|Term|Mineralogy|-||-|-|-|16763||
TopUrbiTerm26764|id_18525|5|Cavima|Term|Botany|-||-|-|-|16764||
TopUrbiTerm26765|id_18526|5|Caxon|Term|Measurement|-||-|-|-|16765||
TopUrbiTerm26766|id_18527|5|Cazave|Term|Nutriment|-||-|-|-|16766||
TopUrbiTerm26767|id_18528|5|Cazon|Term|Animal|-||-|-|-|16767||
TopUrbiTerm26768|id_18529|5|Cedro|Term|Botany|-||-|-|-|16768||
TopUrbiTerm26769|id_18530|5|Ceiba|Term|Botany|-||-|-|-|16769||
TopUrbiTerm26770|id_18531|5|Chacaranda|Term|Botany|-||-|-|-|16770||
TopUrbiTerm26771|id_18532|5|Chacharita|Term|Animal|-||-|-|-|16771||
TopUrbiTerm26772|id_18533|5|Chacra|Term|Structure|-||-|-|-|16772|y|Chacra
TopUrbiTerm26773|id_18534|5|Chagllas|Term|Produce|-||-|-|-|16773||
TopUrbiTerm26774|id_18535|5|Chaguala|Term|Produce|-||-|-|-|16774||
TopUrbiTerm26775|id_18536|5|Chaguarama|Term|Botany|-||-|-|-|16775||
TopUrbiTerm26776|id_18537|5|Chalchihuites|Term|Mineralogy|-||-|-|-|16776||
TopUrbiTerm26777|id_18622|5|Currucai|Term|Botany|-||-|-|-|16777||
TopUrbiTerm26778|id_18623|5|Cusicusi|Term|Animal|-||-|-|-|16778||
TopUrbiTerm26779|id_18624|5|Cuy|Term|Animal|-||-|-|-|16779||
TopUrbiTerm26780|id_18625|5|Daconia|Term|Construction|-||-|-|-|16780||
TopUrbiTerm26781|id_18626|5|Daino|Term|Animal|-||-|-|-|16781||
TopUrbiTerm26782|id_18627|5|Dama|Term|Animal|-||-|-|-|16782||
TopUrbiTerm26783|id_18628|5|Dictamo real|Term|Botany|-||-|-|-|16783||
TopUrbiTerm26784|id_18629|5|Diuca|Term|Animal|-||-|-|-|16784||
TopUrbiTerm26785|id_18630|5|Dividivi|Term|Botany|-||-|-|-|16785||
TopUrbiTerm26786|id_18631|5|Dominico|Term|Botany|-||-|-|-|16786||
TopUrbiTerm26787|id_18632|5|Dormilona|Term|Botany|-||-|-|-|16787||
TopUrbiTerm26788|id_18633|5|Drago|Term|Pharmacy|-||-|-|-|16788||
TopUrbiTerm26789|id_18634|5|Drago|Term|Pharmacy|-||-|-|-|16789||
TopUrbiTerm26790|id_18635|5|Durazno|Term|Botany|-||-|-|-|16790||
TopUrbiTerm26791|id_18636|5|Elemi|Term|Pharmacy|-||-|-|-|16791||
TopUrbiTerm26792|id_18637|5|Equis|Term|Animal|-||-|-|-|16792||
TopUrbiTerm26794|id_18639|5|Esponjilla|Term|Botany|-||-|-|-|16794||
TopUrbiTerm26796|id_18868|5|Petaca|Term|Produce|-||-|-|-|16796||
TopUrbiTerm26797|id_18869|5|Petate|Term|Produce|-||-|-|-|16797||
TopUrbiTerm26798|id_18870|5|Petoregui|Term|Botany|-||-|-|-|16798||
TopUrbiTerm26799|id_18871|5|Pexe buey|Term|Animal|-||-|-|-|16799||
TopUrbiTerm27768|id_18663|5|Giquilite|Term|Botany|-||-|-|-|17768||
TopUrbiTerm27769|id_18664|5|Girasol|Term|Mineralogy|-||-|-|-|17769||
TopUrbiTerm27771|id_18666|5|Granadilla|Term|Botany|-||-|-|-|17771||
TopUrbiTerm27772|id_18667|5|Guaba|Term|Nutriment|-||-|-|-|17772||
TopUrbiTerm27773|id_18668|5|Guacamayo|Term|Animal|-||-|-|-|17773||
TopUrbiTerm27774|id_18669|5|Guacarito|Term|Animal|-||-|-|-|17774||
TopUrbiTerm27775|id_18670|5|Guachapeli|Term|Botany|-||-|-|-|17775||
TopUrbiTerm27776|id_18671|5|Guacharaca|Term|Animal|-||-|-|-|17776||
TopUrbiTerm27777|id_18672|5|Guadua|Term|Nutriment|-||-|-|-|17777||
TopUrbiTerm27778|id_18673|5|Guamache|Term|Nutriment|-||-|-|-|17778||
TopUrbiTerm27779|id_18674|5|Guamanga|Term|Mineralogy|-||-|-|-|17779||
TopUrbiTerm27780|id_18675|5|Guanabana|Term|Nutriment|-||-|-|-|17780||
TopUrbiTerm27781|id_18676|5|Guarango|Term|Botany|-||-|-|-|17781||
TopUrbiTerm27782|id_18677|5|Guarapo|Term|Nutriment|-||-|-|-|17782||
TopUrbiTerm27783|id_18678|5|Guare|Term|Produce|-||-|-|-|17783||
TopUrbiTerm27784|id_18679|5|Guayaba|Term|Botany|-||-|-|-|17784||
TopUrbiTerm27785|id_18680|5|Guayacan|Term|Botany|-||-|-|-|17785||
TopUrbiTerm27787|id_18682|5|Guembe|Term|Botany|-||-|-|-|17787||
TopUrbiTerm28705|id_18384|5|Achote|Term|Botany|-||-|-|-|18705||
TopUrbiTerm28706|id_18385|5|Achupalla|Term|Botany|-||-|-|-|18706||
TopUrbiTerm28707|id_18386|5|Acre|Term|Measurement|-||-|-|-|18707||
TopUrbiTerm28708|id_18387|5|Acuri|Term|Animal|-||-|-|-|18708||
TopUrbiTerm28709|id_18388|5|Aetites|Term|Mineralogy|-||-|-|-|18709||
TopUrbiTerm28710|id_18389|5|Agi|Term|Nutriment|-||-|-|-|18710||
TopUrbiTerm28711|id_18390|5|Agiaco|Term|Nutriment|-||-|-|-|18711||
TopUrbiTerm28712|id_18391|5|Agraz|Term|Botany|-||-|-|-|18712||
TopUrbiTerm28713|id_18392|5|Aguacate|Term|Botany|-||-|-|-|18713||
TopUrbiTerm28714|id_18393|5|Aguay|Term|Botany|-||-|-|-|18714||
TopUrbiTerm28715|id_18394|5|Aguarrica|Term|Pharmacy|-||-|-|-|18715||
TopUrbiTerm28716|id_18395|5|Aguililla|Term|Animal|-||-|-|-|18716||
TopUrbiTerm28717|id_18396|5|Ahogato|Term|Animal|-||-|-|-|18717||
TopUrbiTerm28718|id_18397|5|Alacran|Term|Animal|-||-|-|-|18718||
TopUrbiTerm28719|id_18398|5|Alanes|Term|Animal|-||-|-|-|18719||
TopUrbiTerm28721|id_18400|5|Albures|Term|Activity|-||-|-|-|18721||
TopUrbiTerm28722|id_18401|5|Alcaravan|Term|Animal|-||-|-|-|18722||
TopUrbiTerm28723|id_18402|5|Alpaca|Term|Animal|-||-|-|-|18723||
TopUrbiTerm28724|id_18403|5|Alerce|Term|Botany|-||-|-|-|18724||
TopUrbiTerm28725|id_18404|5|Alicuya|Term|Animal|-||-|-|-|18725||
TopUrbiTerm28726|id_18405|5|Aljosucha|Term|Botany|-||-|-|-|18726||
TopUrbiTerm28727|id_18406|5|Allullas|Term|Nutriment|-||-|-|-|18727||
TopUrbiTerm28728|id_18407|5|Almadana|Term|Produce|-||-|-|-|18728||
TopUrbiTerm28729|id_18408|5|Almofrez|Term|Produce|-||-|-|-|18729||
TopUrbiTerm28730|id_18409|5|Aloes|Term|Pharmacy|-||-|-|-|18730||
TopUrbiTerm28731|id_18410|5|Amonanas|Term|Produce|-||-|-|-|18731||
TopUrbiTerm28733|id_18412|5|Anabaptistas|Term|Social|-||-|-|-|18733||
TopUrbiTerm28734|id_18413|5|Anchoueta|Term|Animal|-||-|-|-|18734||
TopUrbiTerm28735|id_18413a|5|Añil|Term|Botany|-||-|-|-|18735||
TopUrbiTerm28736|id_18414|5|Anime|Term|Pharmacy|-||-|-|-|18736||
TopUrbiTerm28737|id_18415|5|Anona|Term|Botany|-||-|-|-|18737||
TopUrbiTerm28738|id_18416|5|Anta|Term|Animal|-||-|-|-|18738||
TopUrbiTerm28739|id_18417|5|Aperiades|Term|Animal|-||-|-|-|18739||
TopUrbiTerm28740|id_18419|5|Apotoyomatsi|Term|Botany|-||-|-|-|18740||
TopUrbiTerm28741|id_18420|5|Arador|Term|Animal|-||-|-|-|18741||
TopUrbiTerm28742|id_18421|5|Ara guata|Term|Animal|-||-|-|-|18742||
TopUrbiTerm28743|id_18422|5|Arandelas|Term|Textiles|-||-|-|-|18743||
TopUrbiTerm28744|id_18423|5|Aranoake|Term|Pharmacy|-||-|-|-|18744||
TopUrbiTerm28745|id_18424|5|Ardilla volante|Term|Animal|-||-|-|-|18745||
TopUrbiTerm28746|id_18425|5|Arepa|Term|Nutriment|-||-|-|-|18746||
TopUrbiTerm28747|id_18426|5|Armadillo|Term|Animal|-||-|-|-|18747||
TopUrbiTerm28748|id_18427|5|Arracacha|Term|Botany|-||-|-|-|18748||
TopUrbiTerm28749|id_18428|5|Asnaucho|Term|Nutriment|-||-|-|-|18749||
TopUrbiTerm28750|id_18429|5|Ayate|Term|Textiles|-||-|-|-|18750||
TopUrbiTerm28751|id_18430|5|Auyama|Term|Botany|-||-|-|-|18751||
TopUrbiTerm28752|id_18431|5|Babagui|Term|Animal|-||-|-|-|18752||
TopUrbiTerm28753|id_18432|5|Bacha|Term|Synonym|-||-|-|-|18753||
TopUrbiTerm28754|id_18433|5|Badea|Term|Botany|-||-|-|-|18754||
TopUrbiTerm28755|id_18434|5|Bagre|Term|Animal|-||-|-|-|18755||
TopUrbiTerm28756|id_18435|5|Bainilla|Term|Botany|-||-|-|-|18756||
TopUrbiTerm28757|id_18436|5|Bajareque|Term|Construction|-||-|-|-|18757||
TopUrbiTerm28758|id_18437|5|Balsamo|Term|Pharmacy|-||-|-|-|18758||
TopUrbiTerm28759|id_18438|5|Banano|Term|Nutriment|-||-|-|-|18759||
TopUrbiTerm28760|id_18439|5|Balsa|Term|Botany|-||-|-|-|18760|y|Balsa
TopUrbiTerm28761|id_18440|5|Baqueano|Term|Social|-||-|-|-|18761||
TopUrbiTerm28762|id_18441|5|Baquira|Term|Animal|-||-|-|-|18762||
TopUrbiTerm28763|id_18442|5|Barqueta|Term|Construction|-||-|-|-|18763||
TopUrbiTerm28764|id_18443|5|Barrio|Term|Settlement|-||-|-|-|18764|y|Barrio
TopUrbiTerm28765|id_18444|5|Barro|Term|Nutriment|-||-|-|-|18765||
TopUrbiTerm28766|id_18445|5|Batea|Term|Synonym|-||-|-|-|18766||
TopUrbiTerm28767|id_18446|5|Bayuca|Term|Synonym|-||-|-|-|18767||
TopUrbiTerm28768|id_18447|5|Bejuco|Term|Botany|-||-|-|-|18768||
TopUrbiTerm28769|id_18448|5|Bejuco|Term|Animal|-||-|-|-|18769||
TopUrbiTerm28770|id_18449|5|Bejuquillo|Term|Pharmacy|-||-|-|-|18770||
TopUrbiTerm28771|id_18450|5|Berrendo|Term|Animal|-||-|-|-|18771||
TopUrbiTerm28772|id_18451|5|Blandengue|Term|Social|-||-|-|-|18772||
TopUrbiTerm28773|id_18452|5|Bicho|Term|Illness|-||-|-|-|18773||
TopUrbiTerm28774|id_18453|5|Bio|Term|Animal|-||-|-|-|18774||
TopUrbiTerm28775|id_18454|5|Bobo|Term|Animal|-||-|-|-|18775||
TopUrbiTerm28776|id_18455|5|Bocachico|Term|Animal|-||-|-|-|18776||
TopUrbiTerm28777|id_18456|5|Bodoquero|Term|Social|-||-|-|-|18777||
TopUrbiTerm28778|id_18457|5|Bollo|Term|Nutriment|-||-|-|-|18778||
TopUrbiTerm28779|id_18458|5|Bombilla|Term|Produce|-||-|-|-|18779||
TopUrbiTerm28780|id_18459|5|Bongo|Term|Construction|-||-|-|-|18780||
TopUrbiTerm28781|id_18460|5|Boguilla|Term|Animal|-||-|-|-|18781||
TopUrbiTerm28782|id_18461|5|Bordillo|Term|Textiles|-||-|-|-|18782||
TopUrbiTerm28783|id_18462|5|Botija|Term|Produce|-||-|-|-|18783||
TopUrbiTerm28784|id_18463|5|Bozal|Term|Social|-||-|-|-|18784|y|Bozal
TopUrbiTerm28785|id_18464|5|Brasil|Term|Botany|-||-|-|-|18785||
TopUrbiTerm28786|id_18465|5|Briza|Term|Climate|-||-|-|-|18786||
TopUrbiTerm28787|id_18466|5|Buairon|Term|Animal|-||-|-|-|18787||
TopUrbiTerm28788|id_18467|5|Bucaniers|Term|Social|-||-|-|-|18788||
TopUrbiTerm28789|id_18468|5|Buho|Term|Animal|-||-|-|-|18789||
TopUrbiTerm28790|id_18470|5|Bujio|Term|Construction|-||-|-|-|18790||
TopUrbiTerm28791|id_18471|5|Cabuya|Term|Textiles|-||-|-|-|18791||
TopUrbiTerm28792|id_18472|5|Cacao|Term|Botany|-||-|-|-|18792||
TopUrbiTerm28794|id_18474|5|Cachupin|Term|Social|-||-|-|-|18794||
TopUrbiTerm28795|id_18475|5|Cagui|Term|Animal|-||-|-|-|18795||
TopUrbiTerm28796|id_18476|5|Caiman|Term|Animal|-||-|-|-|18796||
TopUrbiTerm28797|id_18477|5|Caimito|Term|Botany|-||-|-|-|18797||
TopUrbiTerm28798|id_18478|5|Calaguala|Term|Botany|-||-|-|-|18798||
TopUrbiTerm28799|id_18479|5|Calemback|Term|Botany|-||-|-|-|18799||
TopUrbiTerm28800|id_18480|5|Cajeta|Term|Synonym|-||-|-|-|18800||
TopUrbiTerm28801|id_18481|5|Cambures|Term|Botany|-||-|-|-|18801||
TopUrbiTerm28802|id_18482|5|Camellones|Term|Structure|-||-|-|-|18802||
TopUrbiTerm28804|id_18484|5|Camiseta|Term|Textiles|-||-|-|-|18804||
TopUrbiTerm28805|id_18485|5|Camote|Term|Botany|-||-|-|-|18805||
TopUrbiTerm28806|id_18486|5|Campeche|Term|Botany|-||-|-|-|18806||
TopUrbiTerm28807|id_18487|5|Cañabrava|Term|Botany|-||-|-|-|18807||
TopUrbiTerm28808|id_18488|5|Cañafistula|Term|Pharmacy|-||-|-|-|18808||
TopUrbiTerm28809|id_18489|5|Cañahua|Term|Nutriment|-||-|-|-|18809||
TopUrbiTerm28810|id_18490|5|Cañahuate|Term|Botany|-||-|-|-|18810||
TopUrbiTerm28811|id_18491|5|Canalete|Term|Produce|-||-|-|-|18811||
TopUrbiTerm28812|id_18492|5|Canapia|Term|Botany|-||-|-|-|18812||
TopUrbiTerm28813|id_18493|5|Canchalagua|Term|Pharmacy|-||-|-|-|18813||
TopUrbiTerm28814|id_18494|5|Candela|Term|Synonym|-||-|-|-|18814||
TopUrbiTerm28815|id_18495|5|Candelon|Term|Botany|-||-|-|-|18815||
TopUrbiTerm28816|id_18496|5|Canela|Term|Pharmacy|-||-|-|-|18816||
TopUrbiTerm28817|id_18497|5|Canela|Term|Animal|-||-|-|-|18817||
TopUrbiTerm28818|id_18498|5|Canelon|Term|Animal|-||-|-|-|18818||
TopUrbiTerm28819|id_18499|5|Canime|Term|Pharmacy|-||-|-|-|18819||
TopUrbiTerm28820|id_18500|5|Canoa|Term|Construction|-||-|-|-|18820||
TopUrbiTerm28821|id_18501|5|Caoba|Term|Botany|-||-|-|-|18821||
TopUrbiTerm28822|id_18502|5|Capae|Term|Botany|-||-|-|-|18822||
TopUrbiTerm28824|id_18504|5|Capitan|Term|Animal|-||-|-|-|18824||
TopUrbiTerm28825|id_18505|5|Capuli|Term|Botany|-||-|-|-|18825||
TopUrbiTerm28826|id_18506|5|Carana|Term|Pharmacy|-||-|-|-|18826||
TopUrbiTerm28827|id_18507|5|Caratas|Term|Botany|-||-|-|-|18827||
TopUrbiTerm28828|id_18508|5|Carate|Term|Illness|-||-|-|-|18828||
TopUrbiTerm28829|id_18509|5|Caraya|Term|Animal|-||-|-|-|18829||
TopUrbiTerm28830|id_18509a|5|Cardenal|Term|Animal|-||-|-|-|18830||
TopUrbiTerm28831|id_18510|5|Cardo santo|Term|Botany|-||-|-|-|18831||
TopUrbiTerm28832|id_18511|5|Carei|Term|Animal|-||-|-|-|18832||
TopUrbiTerm28834|id_18513|5|Carotu|Term|Botany|-||-|-|-|18834||
TopUrbiTerm28835|id_18514|5|Caruata|Term|Botany|-||-|-|-|18835||
TopUrbiTerm28836|id_18515|5|Cascabel|Term|Animal|-||-|-|-|18836||
TopUrbiTerm28837|id_18538|5|Chalona|Term|Nutriment|-||-|-|-|18837||
TopUrbiTerm28838|id_18539|5|Chamarreta|Term|Textiles|-||-|-|-|18838||
TopUrbiTerm28839|id_18540|5|Champan|Term|Construction|-||-|-|-|18839||
TopUrbiTerm28840|id_18541|5|Changame|Term|Animal|-||-|-|-|18840||
TopUrbiTerm28841|id_18542|5|Chapeton|Term|Social|-||-|-|-|18841||
TopUrbiTerm28842|id_18543|5|Chapetonada|Term|Illness|-||-|-|-|18842||
TopUrbiTerm28843|id_18544|5|Charaguaray|Term|Botany|-||-|-|-|18843||
TopUrbiTerm28844|id_18545|5|Charal|Term|Animal|-||-|-|-|18844||
TopUrbiTerm28845|id_18546|5|Charapa|Term|Animal|-||-|-|-|18845||
TopUrbiTerm28846|id_18547|5|Charquecillo|Term|Animal|-||-|-|-|18846||
TopUrbiTerm28847|id_18548|5|Charquican|Term|Nutriment|-||-|-|-|18847||
TopUrbiTerm28848|id_18549|5|Chasqui|Term|Social|-||-|-|-|18848||
TopUrbiTerm28849|id_18550|5|Chata|Term|Construction|-||-|-|-|18849||
TopUrbiTerm28850|id_18551|5|Chavacano|Term|Nutriment|-||-|-|-|18850||
TopUrbiTerm28851|id_18552|5|Chepe|Term|Synonym|-||-|-|-|18851||
TopUrbiTerm28852|id_18553|5|Chia|Term|Synonym|-||-|-|-|18852||
TopUrbiTerm28853|id_18554|5|Chicha|Term|Nutriment|-||-|-|-|18853||
TopUrbiTerm28854|id_18555|5|Chicle|Term|Pharmacy|-||-|-|-|18854||
TopUrbiTerm28855|id_18556|5|Chico zapote|Term|Botany|-||-|-|-|18855||
TopUrbiTerm28856|id_18557|5|Chiguire|Term|Animal|-||-|-|-|18856||
TopUrbiTerm28857|id_18558|5|Chile|Term|Nutriment|-||-|-|-|18857||
TopUrbiTerm28858|id_18559|5|China|Term|Social|-||-|-|-|18858||
TopUrbiTerm28859|id_18560|5|Chingate|Term|Nutriment|-||-|-|-|18859||
TopUrbiTerm28860|id_18561|5|Chinchilla|Term|Animal|-||-|-|-|18860||
TopUrbiTerm28861|id_18562|5|Chingana|Term|Landmark|-||-|-|-|18861||
TopUrbiTerm28862|id_18563|5|Chinguirito|Term|Nutriment|-||-|-|-|18862||
TopUrbiTerm28863|id_18564|5|Chini|Term|Animal|-||-|-|-|18863||
TopUrbiTerm28864|id_18565|5|Chircate|Term|Textiles|-||-|-|-|18864||
TopUrbiTerm28865|id_18566|5|Chiricles|Term|Animal|-||-|-|-|18865||
TopUrbiTerm28866|id_18567|5|Chirimoya|Term|Nutriment|-||-|-|-|18866||
TopUrbiTerm28867|id_18568|5|Cholo|Term|Social|-||-|-|-|18867|y|Cholo
TopUrbiTerm28868|id_18569|5|Chombo|Term|Synonym|-||-|-|-|18868||
TopUrbiTerm28869|id_18570|5|Chonta|Term|Botany|-||-|-|-|18869||
TopUrbiTerm28870|id_18571|5|Chorote|Term|Nutriment|-||-|-|-|18870||
TopUrbiTerm28871|id_18572|5|Chorillo|Term|Textiles|-||-|-|-|18871||
TopUrbiTerm28872|id_18573|5|Chuahu|Term|Illness|-||-|-|-|18872||
TopUrbiTerm28873|id_18574|5|Chuce|Term|Textiles|-||-|-|-|18873||
TopUrbiTerm28874|id_18575|5|Chucha|Term|Animal|-||-|-|-|18874||
TopUrbiTerm28875|id_18576|5|Chumbe|Term|Textiles|-||-|-|-|18875||
TopUrbiTerm28876|id_18577|5|Chuño|Term|Nutriment|-||-|-|-|18876||
TopUrbiTerm28877|id_18578|5|Chupe|Term|Nutriment|-||-|-|-|18877||
TopUrbiTerm28878|id_18579|5|Chuspas|Term|Textiles|-||-|-|-|18878||
TopUrbiTerm28879|id_18580|5|Cibolo|Term|Animal|-||-|-|-|18879||
TopUrbiTerm28880|id_18581|5|Ciego|Term|Animal|-||-|-|-|18880||
TopUrbiTerm28881|id_18582|5|Ciento pies|Term|Animal|-||-|-|-|18881||
TopUrbiTerm28883|id_18584|5|Cimarron|Term|Social|-||-|-|-|18883||
TopUrbiTerm28884|id_18585|5|Cinto|Term|Mineralogy|-||-|-|-|18884||
TopUrbiTerm28885|id_18586|5|Coca|Term|Botany|-||-|-|-|18885||
TopUrbiTerm28886|id_18587|5|Cocada|Term|Nutriment|-||-|-|-|18886||
TopUrbiTerm28887|id_18588|5|Cochinilla|Term|Animal|-||-|-|-|18887||
TopUrbiTerm28889|id_18590|5|Coco|Term|Botany|-||-|-|-|18889||
TopUrbiTerm28890|id_18591|5|Cocobolo|Term|Botany|-||-|-|-|18890||
TopUrbiTerm28892|id_18593|5|Colpa|Term|Nutriment|-||-|-|-|18892||
TopUrbiTerm28893|id_18594|5|Comejen|Term|Animal|-||-|-|-|18893||
TopUrbiTerm28894|id_18595|5|Condor|Term|Animal|-||-|-|-|18894||
TopUrbiTerm28895|id_18596|5|Congo|Term|Social|-||-|-|-|18895||
TopUrbiTerm28896|id_18597|5|Contrayerba|Term|Botany|-||-|-|-|18896||
TopUrbiTerm28897|id_18598|5|Copal|Term|Botany|-||-|-|-|18897||
TopUrbiTerm28899|id_18600|5|Copei|Term|Produce|-||-|-|-|18899||
TopUrbiTerm28900|id_18601|5|Coral|Term|Animal|-||-|-|-|18900||
TopUrbiTerm28901|id_18602|5|Corita|Term|Produce|-||-|-|-|18901||
TopUrbiTerm28902|id_18603|5|Corozo|Term|Nutriment|-||-|-|-|18902||
TopUrbiTerm28903|id_18604|5|Corpiño|Term|Textiles|-||-|-|-|18903||
TopUrbiTerm28904|id_18605|5|Cotita|Term|Synonym|-||-|-|-|18904||
TopUrbiTerm28905|id_18606|5|Coto|Term|Illness|-||-|-|-|18905||
TopUrbiTerm28906|id_18607|5|Cotopriz|Term|Nutriment|-||-|-|-|18906||
TopUrbiTerm28907|id_18608|5|Coya|Term|Animal|-||-|-|-|18907||
TopUrbiTerm28908|id_18609|5|Coyote|Term|Social|-||-|-|-|18908||
TopUrbiTerm28909|id_18610|5|Crane|Term|Animal|-||-|-|-|18909||
TopUrbiTerm28910|id_18611|5|Crizneja|Term|Produce|-||-|-|-|18910||
TopUrbiTerm28911|id_18612|5|Cucaracha|Term|Animal|-||-|-|-|18911||
TopUrbiTerm28912|id_18613|5|Cucuma|Term|Nutriment|-||-|-|-|18912||
TopUrbiTerm28913|id_18614|5|Cuja|Term|Produce|-||-|-|-|18913||
TopUrbiTerm28914|id_18615|5|Culebrilla|Term|Illness|-||-|-|-|18914||
TopUrbiTerm28915|id_18616|5|Culen|Term|Botany|-||-|-|-|18915||
TopUrbiTerm28916|id_18617|5|Cumbes|Term|Textiles|-||-|-|-|18916||
TopUrbiTerm28917|id_18618|5|Cunaguaro|Term|Animal|-||-|-|-|18917||
TopUrbiTerm28918|id_18619|5|Curbinata|Term|Animal|-||-|-|-|18918||
TopUrbiTerm28920|id_18621|5|Curiquingui|Term|Animal|-||-|-|-|18920||
TopUrbiTerm28921|id_18643|5|Faldellin|Term|Textiles|-||-|-|-|18921||
TopUrbiTerm28922|id_18644|5|Famacosio|Term|Animal|-||-|-|-|18922||
TopUrbiTerm28924|id_18646|5|Figueroa|Term|Botany|-||-|-|-|18924||
TopUrbiTerm28925|id_18647|5|Flibustiers|Term|Social|-||-|-|-|18925||
TopUrbiTerm28926|id_18648|5|Fragata|Term|Animal|-||-|-|-|18926||
TopUrbiTerm28927|id_18649|5|Fraylecillo|Term|Botany|-||-|-|-|18927||
TopUrbiTerm28928|id_18650|5|Fraylejon|Term|Pharmacy|-||-|-|-|18928||
TopUrbiTerm28929|id_18651|5|Fruta de|Term|Nutriment|-||-|-|-|18929||
TopUrbiTerm28930|id_18652|5|Fruta de Pava|Term|Nutriment|-||-|-|-|18930||
TopUrbiTerm28931|id_18653|5|Fustan|Term|Textiles|-||-|-|-|18931||
TopUrbiTerm28932|id_18654|5|Fustete|Term|Botany|-||-|-|-|18932||
TopUrbiTerm28933|id_18655|5|Gacha|Term|Produce|-||-|-|-|18933||
TopUrbiTerm28934|id_18656|5|Gallinaza|Term|Mineralogy|-||-|-|-|18934||
TopUrbiTerm28935|id_18657|5|Gallinazo|Term|Animal|-||-|-|-|18935||
TopUrbiTerm28936|id_18658|5|Gamalota|Term|Botany|-||-|-|-|18936||
TopUrbiTerm28937|id_18659|5|Garua|Term|Climate|-||-|-|-|18937||
TopUrbiTerm28938|id_18660|5|Gegenes|Term|Animal|-||-|-|-|18938||
TopUrbiTerm28939|id_18661|5|Getudo|Term|Animal|-||-|-|-|18939||
TopUrbiTerm28940|id_18662|5|Gicama|Term|Botany|-||-|-|-|18940||
TopUrbiTerm28941|id_18683|5|Guepil|Term|Textiles|-||-|-|-|18941||
TopUrbiTerm28942|id_18684|5|Guineo|Term|Botany|-||-|-|-|18942||
TopUrbiTerm28943|id_18685|5|Habillas|Term|Botany|-||-|-|-|18943||
TopUrbiTerm28944|id_18686|5|Hacana|Term|Botany|-||-|-|-|18944||
TopUrbiTerm28945|id_18687|5|Hacer las|Term|Activity|-||-|-|-|18945||
TopUrbiTerm28946|id_18688|5|Hamaca|Term|Produce|-||-|-|-|18946||
TopUrbiTerm28948|id_18690|5|Hicacos|Term|Nutriment|-||-|-|-|18948||
TopUrbiTerm28949|id_18691|5|Higuerilla|Term|Botany|-||-|-|-|18949||
TopUrbiTerm28950|id_18692|5|Higueron|Term|Botany|-||-|-|-|18950||
TopUrbiTerm28951|id_18693|5|Hilo de Caracol|Term|Textiles|-||-|-|-|18951||
TopUrbiTerm28952|id_18694|5|Huaca|Term|Construction|-||-|-|-|18952||
TopUrbiTerm28953|id_18695|5|Huaipuru|Term|Nutriment|-||-|-|-|18953||
TopUrbiTerm28955|id_18697|5|Huano|Term|Produce|-||-|-|-|18955||
TopUrbiTerm28956|id_18698|5|Huembe|Term|Produce|-||-|-|-|18956||
TopUrbiTerm28957|id_18699|5|Icotea|Term|Animal|-||-|-|-|18957||
TopUrbiTerm28958|id_18700|5|Ichu|Term|Pharmacy|-||-|-|-|18958||
TopUrbiTerm28959|id_18701|5|Iguana|Term|Animal|-||-|-|-|18959||
TopUrbiTerm28960|id_18702|5|Intiyuyu|Term|Animal|-||-|-|-|18960||
TopUrbiTerm28961|id_18703|5|Invernadero|Term|Landmark|-||-|-|-|18961||
TopUrbiTerm28962|id_18704|5|Ipecacuana|Term|Pharmacy|-||-|-|-|18962||
TopUrbiTerm28963|id_18705|5|Itil|Term|Botany|-||-|-|-|18963||
TopUrbiTerm28964|id_18706|5|Jalapa|Term|Botany|-||-|-|-|18964||
TopUrbiTerm28965|id_18707|5|Jenjibre|Term|Botany|-||-|-|-|18965||
TopUrbiTerm28966|id_18708|5|Jeniquen|Term|Pharmacy|-||-|-|-|18966||
TopUrbiTerm28967|id_18709|5|Jicarazo|Term|Activity|-||-|-|-|18967||
TopUrbiTerm28968|id_18710|5|Jobo|Term|Nutriment|-||-|-|-|18968||
TopUrbiTerm28969|id_18711|5|Jugano|Term|Botany|-||-|-|-|18969||
TopUrbiTerm28970|id_18712|5|Julepe|Term|Nutriment|-||-|-|-|18970||
TopUrbiTerm28971|id_18713|5|Labadero|Term|Activity|-||-|-|-|18971||
TopUrbiTerm28972|id_18714|5|Lanudo|Term|Social|-||-|-|-|18972||
TopUrbiTerm28973|id_18715|5|Lapa|Term|Animal|-||-|-|-|18973||
TopUrbiTerm28974|id_18716|5|Latino|Term|Botany|-||-|-|-|18974||
TopUrbiTerm28975|id_18717|5|Leche miel|Term|Nutriment|-||-|-|-|18975||
TopUrbiTerm28976|id_18718|5|Lengua de Vaca|Term|Botany|-||-|-|-|18976||
TopUrbiTerm28977|id_18719|5|Leño blanco|Term|Botany|-||-|-|-|18977||
TopUrbiTerm28979|id_18721|5|Leon marino|Term|Animal|-||-|-|-|18979||
TopUrbiTerm28980|id_18722|5|Lere|Term|Social|-||-|-|-|18980||
TopUrbiTerm28981|id_18723|5|Lico|Term|Mineralogy|-||-|-|-|18981||
TopUrbiTerm28982|id_18724|5|Lignum vitae|Term|Botany|-||-|-|-|18982||
TopUrbiTerm28984|id_18726|5|Limpia ojos|Term|Mineralogy|-||-|-|-|18984||
TopUrbiTerm28985|id_18727|5|Limpion|Term|Pharmacy|-||-|-|-|18985||
TopUrbiTerm28986|id_18728|5|Linches|Term|Produce|-||-|-|-|18986||
TopUrbiTerm28987|id_18729|5|Liquidambar|Term|Pharmacy|-||-|-|-|18987||
TopUrbiTerm28988|id_18730|5|Liquira|Term|Textiles|-||-|-|-|18988||
TopUrbiTerm28989|id_18731|5|Liron aquatil|Term|Animal|-||-|-|-|18989||
TopUrbiTerm28990|id_18732|5|Listadillo|Term|Textiles|-||-|-|-|18990||
TopUrbiTerm28991|id_18733|5|Llaccho|Term|Landmark|-||-|-|-|18991||
TopUrbiTerm28992|id_18734|5|Llama|Term|Animal|-||-|-|-|18992||
TopUrbiTerm28993|id_18735|5|Lliclla|Term|Textiles|-||-|-|-|18993||
TopUrbiTerm28994|id_18736|5|Lobo marino|Term|Animal|-||-|-|-|18994||
TopUrbiTerm28995|id_18738|5|Loro|Term|Animal|-||-|-|-|18995||
TopUrbiTerm28996|id_18739|5|Lucma|Term|Botany|-||-|-|-|18996||
TopUrbiTerm28997|id_18740|5|Lucuma|Term|Botany|-||-|-|-|18997||
TopUrbiTerm28998|id_18741|5|Macagua|Term|Animal|-||-|-|-|18998||
TopUrbiTerm28999|id_18742|5|Macana|Term|Produce|-||-|-|-|18999||
TopUrbiTerm29000|id_18743|5|Machete|Term|Produce|-||-|-|-|19000||
TopUrbiTerm29001|id_18744|5|Macno|Term|Synonym|-||-|-|-|19001||
TopUrbiTerm29002|id_18745|5|Macuquina|Term|Measurement|-||-|-|-|19002||
TopUrbiTerm29003|id_18746|5|Madi|Term|Botany|-||-|-|-|19003||
TopUrbiTerm29004|id_18747|5|Maguei|Term|Botany|-||-|-|-|19004||
TopUrbiTerm29005|id_18748|5|Maiten|Term|Botany|-||-|-|-|19005||
TopUrbiTerm29006|id_18749|5|Maiz|Term|Botany|-||-|-|-|19006||
TopUrbiTerm29008|id_18751|5|Mamei|Term|Nutriment|-||-|-|-|19008||
TopUrbiTerm29009|id_18752|5|Mamon|Term|Nutriment|-||-|-|-|19009||
TopUrbiTerm29010|id_18753|5|Manares|Term|Produce|-||-|-|-|19010||
TopUrbiTerm29011|id_18754|5|Manati|Term|Animal|-||-|-|-|19011||
TopUrbiTerm29013|id_18756|5|Mangle|Term|Botany|-||-|-|-|19013||
TopUrbiTerm29014|id_18757|5|Mani|Term|Botany|-||-|-|-|19014||
TopUrbiTerm29015|id_18758|5|Manta|Term|Animal|-||-|-|-|19015||
TopUrbiTerm29016|id_18759|5|Manzanillo|Term|Botany|-||-|-|-|19016||
TopUrbiTerm29017|id_18760|5|Mapanae|Term|Animal|-||-|-|-|19017||
TopUrbiTerm29018|id_18761|5|Mapula|Term|Mineralogy|-||-|-|-|19018||
TopUrbiTerm29019|id_18762|5|Mapuriti|Term|Animal|-||-|-|-|19019||
TopUrbiTerm29020|id_18763|5|Maqui|Term|Botany|-||-|-|-|19020||
TopUrbiTerm29021|id_18764|5|Marañón|Term|Botany|-||-|-|-|19021||
TopUrbiTerm29022|id_18765|5|María|Term|Pharmacy|-||-|-|-|19022||
TopUrbiTerm29023|id_18766|5|Marquesote|Term|Nutriment|-||-|-|-|19023||
TopUrbiTerm29024|id_18767|5|Mata-palo|Term|Botany|-||-|-|-|19024||
TopUrbiTerm29025|id_18768|5|Mata-sarna|Term|Botany|-||-|-|-|19025||
TopUrbiTerm29026|id_18769|5|Mate|Term|Nutriment|-||-|-|-|19026||
TopUrbiTerm29027|id_18770|5|Matlazahua|Term|Illness|-||-|-|-|19027||
TopUrbiTerm29029|id_18772|5|Maya|Term|Botany|-||-|-|-|19029||
TopUrbiTerm29030|id_18773|5|Mazato|Term|Nutriment|-||-|-|-|19030||
TopUrbiTerm29031|id_18774|5|Mechoacan|Term|Pharmacy|-||-|-|-|19031||
TopUrbiTerm29032|id_18775|5|Melero|Term|Animal|-||-|-|-|19032||
TopUrbiTerm29033|id_18776|5|Mennonistas|Term|Social|-||-|-|-|19033||
TopUrbiTerm29035|id_18778|5|Metedor|Term|Social|-||-|-|-|19035||
TopUrbiTerm29036|id_18779|5|Methodistas|Term|Social|-||-|-|-|19036||
TopUrbiTerm29038|id_18781|5|Mezquite|Term|Botany|-||-|-|-|19038||
TopUrbiTerm29039|id_18782|5|Mestizo|Term|Social|-||-|-|-|19039|y|Mestizo
TopUrbiTerm29040|id_18783|5|Mita|Term|Institution|-||-|-|-|19040||
TopUrbiTerm29041|id_18784|5|Mitote|Term|Activity|-||-|-|-|19041||
TopUrbiTerm29042|id_18785|5|Mixe|Term|Pharmacy|-||-|-|-|19042||
TopUrbiTerm29043|id_18786|5|Miztlapique|Term|Animal|-||-|-|-|19043||
TopUrbiTerm29044|id_18787|5|Mocoa|Term|Pharmacy|-||-|-|-|19044||
TopUrbiTerm29045|id_18788|5|Mochilera|Term|Animal|-||-|-|-|19045||
TopUrbiTerm29046|id_18789|5|Molle|Term|Botany|-||-|-|-|19046||
TopUrbiTerm29047|id_18790|5|Moniato|Term|Nutriment|-||-|-|-|19047||
TopUrbiTerm29049|id_18792|5|Moquingana|Term|Animal|-||-|-|-|19049||
TopUrbiTerm29051|id_18794|5|Moravitas|Term|Social|-||-|-|-|19051||
TopUrbiTerm29052|id_18795|5|Moriche|Term|Botany|-||-|-|-|19052||
TopUrbiTerm29054|id_18797|5|Moron|Term|Botany|-||-|-|-|19054||
TopUrbiTerm29055|id_18798|5|Mosquito de Gusano|Term|Animal|-||-|-|-|19055||
TopUrbiTerm29056|id_18799|5|Motaqui|Term|Botany|-||-|-|-|19056||
TopUrbiTerm29057|id_18800|5|Motete|Term|Produce|-||-|-|-|19057||
TopUrbiTerm29058|id_18801|5|Moya|Term|Produce|-||-|-|-|19058||
TopUrbiTerm29060|id_18843|5|Pampano|Term|Animal|-||-|-|-|19060||
TopUrbiTerm29061|id_18844|5|Pampero|Term|Climate|-||-|-|-|19061||
TopUrbiTerm29062|id_18845|5|Panela|Term|Nutriment|-||-|-|-|19062||
TopUrbiTerm29063|id_18846|5|Panequiri|Term|Textiles|-||-|-|-|19063||
TopUrbiTerm29064|id_18847|5|Pañete|Term|Textiles|-||-|-|-|19064||
TopUrbiTerm29065|id_18848|5|Paño de|Term|Textiles|-||-|-|-|19065||
TopUrbiTerm29066|id_18849|5|Pantaura|Term|Mineralogy|-||-|-|-|19066||
TopUrbiTerm29067|id_18850|5|Panuira|Term|Animal|-||-|-|-|19067||
TopUrbiTerm29068|id_18872|5|Pexe judio|Term|Animal|-||-|-|-|19068||
TopUrbiTerm29069|id_18873|5|Pexe rey|Term|Animal|-||-|-|-|19069||
TopUrbiTerm29070|id_18874|5|Picaflor|Term|Animal|-||-|-|-|19070||
TopUrbiTerm29072|id_18876|5|Piedra de Cruz|Term|Mineralogy|-||-|-|-|19072||
TopUrbiTerm29073|id_18877|5|Pilco|Term|Botany|-||-|-|-|19073||
TopUrbiTerm29075|id_18879|5|Pimienta|Term|Nutriment|-||-|-|-|19075||
TopUrbiTerm29076|id_18880|5|Piña|Term|Botany|-||-|-|-|19076||
TopUrbiTerm29077|id_18881|5|Pinipichi|Term|Pharmacy|-||-|-|-|19077||
TopUrbiTerm29078|id_18882|5|Piñones|Term|Pharmacy|-||-|-|-|19078||
TopUrbiTerm29079|id_18883|5|Piñuela|Term|Botany|-||-|-|-|19079||
TopUrbiTerm29080|id_18884|5|Piojo de Sabana|Term|Animal|-||-|-|-|19080||
TopUrbiTerm29081|id_18885|5|Pipian|Term|Nutriment|-||-|-|-|19081||
TopUrbiTerm29083|id_18887|5|Pique|Term|Activity|-||-|-|-|19083||
TopUrbiTerm29084|id_18888|5|Piragua|Term|Construction|-||-|-|-|19084||
TopUrbiTerm29085|id_18889|5|Piritu|Term|Botany|-||-|-|-|19085||
TopUrbiTerm29086|id_18890|5|Pita|Term|Botany|-||-|-|-|19086||
TopUrbiTerm29087|id_18891|5|Pita haya|Term|Botany|-||-|-|-|19087||
TopUrbiTerm29089|id_18893|5|Piuquen|Term|Animal|-||-|-|-|19089||
TopUrbiTerm29090|id_18894|5|Pixbae|Term|Nutriment|-||-|-|-|19090||
TopUrbiTerm29091|id_18895|5|Planta universal|Term|Botany|-||-|-|-|19091||
TopUrbiTerm29092|id_18896|5|Platano|Term|Botany|-||-|-|-|19092||
TopUrbiTerm29093|id_18897|5|Polizon|Term|Social|-||-|-|-|19093||
TopUrbiTerm29094|id_18898|5|Polizones|Term|Produce|-||-|-|-|19094||
TopUrbiTerm29095|id_18899|5|Polleras|Term|Textiles|-||-|-|-|19095||
TopUrbiTerm29096|id_18900|5|Pomo|Term|Produce|-||-|-|-|19096||
TopUrbiTerm29097|id_18901|5|Poncho|Term|Produce|-||-|-|-|19097||
TopUrbiTerm29098|id_18902|5|Pongo|Term|Landmark|-|||unspecified|-|19098|y|Pongo
TopUrbiTerm29099|id_18903|5|Potichi|Term|Animal|-||-|-|-|19099||
TopUrbiTerm29101|id_18905|5|Preñadilla|Term|Animal|-||-|-|-|19101||
TopUrbiTerm29102|id_18906|5|Presbiterianos|Term|Social|-||-|-|-|19102||
TopUrbiTerm29103|id_18907|5|Prieto|Term|Synonym|-||-|-|-|19103||
TopUrbiTerm29104|id_18908|5|Puchugchu|Term|Botany|-||-|-|-|19104||
TopUrbiTerm29105|id_18909|5|Puelche|Term|Climate|-||-|-|-|19105||
TopUrbiTerm29106|id_18910|5|Pulperia|Term|Construction|-||-|-|-|19106||
TopUrbiTerm29107|id_18911|5|Pulque|Term|Nutriment|-||-|-|-|19107||
TopUrbiTerm29108|id_18912|5|Puma|Term|Animal|-||-|-|-|19108||
TopUrbiTerm29109|id_18913|5|Puna|Term|Landmark|-||-|-|-|19109|y|Puna
TopUrbiTerm29110|id_18914|5|Pupitiri|Term|Animal|-||-|-|-|19110||
TopUrbiTerm29111|id_18915|5|Purpura|Term|Nutriment|-||-|-|-|19111||
TopUrbiTerm29112|id_18916|5|Quacaro|Term|Social|-||-|-|-|19112||
TopUrbiTerm29113|id_18917|5|Quapaxtle|Term|Pharmacy|-||-|-|-|19113||
TopUrbiTerm29114|id_18918|5|Quarteron|Term|Social|-||-|-|-|19114||
TopUrbiTerm29115|id_18919|5|Quartillo|Term|Measurement|-||-|-|-|19115||
TopUrbiTerm29116|id_18920|5|Quebracho|Term|Botany|-||-|-|-|19116||
TopUrbiTerm29117|id_18921|5|Quebranta huesos|Term|Animal|-||-|-|-|19117||
TopUrbiTerm29118|id_18922|5|Quechue|Term|Botany|-||-|-|-|19118||
TopUrbiTerm29119|id_18923|5|Quesadilla|Term|Nutriment|-||-|-|-|19119||
TopUrbiTerm29120|id_18924|5|Queyapi|Term|Textiles|-||-|-|-|19120||
TopUrbiTerm29121|id_18925|5|Quiaguequenoto|Term|Animal|-||-|-|-|19121||
TopUrbiTerm29122|id_18926|5|Quina|Term|Pharmacy|-||-|-|-|19122||
TopUrbiTerm29124|id_18928|5|Quinchamali|Term|Botany|-||-|-|-|19124||
TopUrbiTerm29125|id_18929|5|Quinte|Term|Animal|-||-|-|-|19125||
TopUrbiTerm29126|id_18930|5|Quinteron|Term|Social|-||-|-|-|19126||
TopUrbiTerm29127|id_18931|5|Rabo pelado|Term|Animal|-||-|-|-|19127||
TopUrbiTerm29128|id_18932|5|Racoon|Term|Animal|-||-|-|-|19128||
TopUrbiTerm29129|id_18933|5|Rancheria|Term|Settlement|-||-|-|-|19129||
TopUrbiTerm29130|id_18934|5|Rapadura|Term|Nutriment|-||-|-|-|19130||
TopUrbiTerm29131|id_18935|5|Raton|Term|Animal|-||-|-|-|19131||
TopUrbiTerm29132|id_18936|5|Reyeque|Term|Animal|-||-|-|-|19132||
TopUrbiTerm29133|id_18937|5|Rodadores|Term|Animal|-||-|-|-|19133||
TopUrbiTerm29134|id_18938|5|Rogerernes|Term|Social|-||-|-|-|19134||
TopUrbiTerm29136|id_18940|5|Ruana|Term|Textiles|-||-|-|-|19136||
TopUrbiTerm29137|id_18941|5|Sabana|Term|Landmark|-|||unspecified|-|19137|y|Sabana
TopUrbiTerm29138|id_18942|5|Sabanilla|Term|Textiles|-||-|-|-|19138||
TopUrbiTerm29140|id_18944|5|Salta atras|Term|Social|-||-|-|-|19140||
TopUrbiTerm29141|id_18945|5|Saramicues|Term|Animal|-||-|-|-|19141||
TopUrbiTerm29142|id_18946|5|Sargazo|Term|Botany|-||-|-|-|19142||
TopUrbiTerm29143|id_18947|5|Sasafras|Term|Botany|-||-|-|-|19143||
TopUrbiTerm29144|id_18948|5|Seña|Term|Measurement|-||-|-|-|19144|y|Seña
TopUrbiTerm29146|id_18950|5|Separatistas|Term|Social|-||-|-|-|19146||
TopUrbiTerm29147|id_18951|5|Sierpe volante|Term|Animal|-||-|-|-|19147||
TopUrbiTerm29148|id_18952|5|Siote|Term|Animal|-||-|-|-|19148||
TopUrbiTerm29149|id_18953|5|Soata|Term|Nutriment|-||-|-|-|19149||
TopUrbiTerm29151|id_18955|5|Suche|Term|Botany|-||-|-|-|19151||
TopUrbiTerm29152|id_18956|5|Sopilote|Term|Animal|-||-|-|-|19152||
TopUrbiTerm29153|id_18957|5|Sopilote|Term|Produce|-||-|-|-|19153||
TopUrbiTerm29154|id_18958|5|Suelda consuelda|Term|Animal|-||-|-|-|19154||
TopUrbiTerm29156|id_18960|5|Tabaco|Term|Pharmacy|-||-|-|-|19156||
TopUrbiTerm29157|id_18961|5|Tacamauaca|Term|Pharmacy|-||-|-|-|19157||
TopUrbiTerm29158|id_18962|5|Tache|Term|Animal|-||-|-|-|19158||
TopUrbiTerm29159|id_18963|5|Tajibo|Term|Botany|-||-|-|-|19159||
TopUrbiTerm29160|id_18964|5|Tamal|Term|Nutriment|-||-|-|-|19160||
TopUrbiTerm29161|id_18965|5|Tamarindo|Term|Pharmacy|-||-|-|-|19161||
TopUrbiTerm29162|id_18966|5|Tambo|Term|Construction|-||-|-|-|19162||
TopUrbiTerm29163|id_18967|5|Taravita|Term|Produce|-||-|-|-|19163||
TopUrbiTerm29164|id_18968|5|Tarai|Term|Botany|-||-|-|-|19164||
TopUrbiTerm29165|id_18969|5|Tasajo|Term|Nutriment|-||-|-|-|19165||
TopUrbiTerm29166|id_18970|5|Taya|Term|Animal|-||-|-|-|19166||
TopUrbiTerm29167|id_18971|5|Taye|Term|Animal|-||-|-|-|19167||
TopUrbiTerm29168|id_18972|5|Teanguis|Term|Institution|-||-|-|-|19168||
TopUrbiTerm29169|id_18973|5|Tecolote|Term|Animal|-||-|-|-|19169||
TopUrbiTerm29170|id_18974|5|Tembladera|Term|Produce|-||-|-|-|19170||
TopUrbiTerm29172|id_18977|5|Temepechin|Term|Animal|-||-|-|-|19172||
TopUrbiTerm29173|id_18978|5|Tente en el Ayre|Term|Social|-||-|-|-|19173|y|Tente en el Ayre
TopUrbiTerm29174|id_18979|5|Tepeiscuntli|Term|Animal|-||-|-|-|19174||
TopUrbiTerm29175|id_18980|5|Tepexilote|Term|Nutriment|-||-|-|-|19175||
TopUrbiTerm29176|id_18981|5|Tigrilla|Term|Animal|-||-|-|-|19176||
TopUrbiTerm29177|id_18982|5|Tinajero|Term|Mineralogy|-||-|-|-|19177||
TopUrbiTerm29178|id_18983|5|Tipa|Term|Botany|-||-|-|-|19178||
TopUrbiTerm29179|id_18984|5|Tiradera|Term|Produce|-||-|-|-|19179||
TopUrbiTerm29180|id_18985|5|Titi|Term|Animal|-||-|-|-|19180||
TopUrbiTerm29181|id_18986|5|Titi|Term|Animal|-||-|-|-|19181||
TopUrbiTerm29182|id_18987|5|Toche|Term|Animal|-||-|-|-|19182||
TopUrbiTerm29183|id_18988|5|Tolu|Term|Pharmacy|-||-|-|-|19183||
TopUrbiTerm29184|id_18989|5|Tortuga|Term|Animal|-||-|-|-|19184||
TopUrbiTerm29185|id_18990|5|Toto|Term|Animal|-||-|-|-|19185||
TopUrbiTerm29186|id_18991|5|Totora|Term|Botany|-||-|-|-|19186||
TopUrbiTerm29187|id_18992|5|Trillis|Term|Animal|-||-|-|-|19187||
TopUrbiTerm29188|id_18993|5|Trompetero|Term|Animal|-||-|-|-|19188||
TopUrbiTerm29189|id_18994|5|Tropico|Term|Animal|-||-|-|-|19189||
TopUrbiTerm29191|id_18996|5|Tucuyo|Term|Textiles|-||-|-|-|19191||
TopUrbiTerm29192|id_18997|5|Tulcan|Term|Animal|-||-|-|-|19192||
TopUrbiTerm29193|id_18998|5|Taricha|Term|Animal|-||-|-|-|19193||
TopUrbiTerm29194|id_18999|5|Turma|Term|Botany|-||-|-|-|19194||
TopUrbiTerm29196|id_19001|5|Turquesa|Term|Mineralogy|-||-|-|-|19196||
TopUrbiTerm29197|id_19002|5|Tutuma|Term|Botany|-||-|-|-|19197||
TopUrbiTerm29200|id_19005|5|Ubaque|Term|Climate|-||-|-|-|19200||
TopUrbiTerm29201|id_19006|5|Vergonzosa|Term|Botany|-||-|-|-|19201||
TopUrbiTerm29202|id_19007|5|Vicuña|Term|Animal|-||-|-|-|19202||
TopUrbiTerm29203|id_19008|5|Vijao|Term|Botany|-||-|-|-|19203||
TopUrbiTerm29204|id_19009|5|Viravira|Term|Pharmacy|-||-|-|-|19204||
TopUrbiTerm29205|id_19010|5|Viruli|Term|Produce|-||-|-|-|19205||
TopUrbiTerm29206|id_19011|5|Vizcacha|Term|Animal|-||-|-|-|19206||
TopUrbiTerm29207|id_19012|5|Umiri|Term|Botany|-||-|-|-|19207||
TopUrbiTerm29208|id_19013|5|Vomito negro|Term|Illness|-||-|-|-|19208||
TopUrbiTerm29209|id_19014|5|Urundei|Term|Botany|-||-|-|-|19209||
TopUrbiTerm29210|id_19015|5|Uta|Term|Animal|-||-|-|-|19210||
TopUrbiTerm29211|id_19016|5|Uyama|Term|Nutriment|-||-|-|-|19211||
TopUrbiTerm29212|id_19017|5|Xacal|Term|Construction|-||-|-|-|19212||
TopUrbiTerm29213|id_19018|5|Xaguel|Term|Construction|-||-|-|-|19213||
TopUrbiTerm29214|id_19019|5|Xicara|Term|Produce|-||-|-|-|19214||
TopUrbiTerm29215|id_19020|5|Xuchicopal|Term|Botany|-||-|-|-|19215||
TopUrbiTerm29217|id_19022|5|Yanacona|Term|Social|-||-|-|-|19217||
TopUrbiTerm29219|id_19025|5|Yerba del Paraguay|Term|Botany|-||-|-|-|19219||
TopUrbiTerm29220|id_19026|5|Yuca|Term|Botany|-||-|-|-|19220||
TopUrbiTerm29221|id_19027|5|Zambo|Term|Social|-||-|-|-|19221|y|Zambo
TopUrbiTerm29222|id_19028|5|Zancudo|Term|Animal|-||-|-|-|19222||
TopUrbiTerm29223|id_19029|5|Zapayo|Term|Nutriment|-||-|-|-|19223||
TopUrbiTerm29224|id_19030|5|Zapote|Term|Nutriment|-||-|-|-|19224||
TopUrbiTerm29225|id_19031|5|Zaque|Term|Social|-||-|-|-|19225||
TopUrbiTerm29226|id_19032|5|Zarzaparrilla|Term|Botany|-||-|-|-|19226||
TopUrbiTerm29227|id_19033|5|Zenzontli|Term|Animal|-||-|-|-|19227||
TopUrbiTerm29228|id_19034|5|Zipa|Term|Social|-||-|-|-|19228||
TopUrbiTerm29229|id_19035|5|Zuhe|Term|Synonym|-||-|-|-|19229||
TopUrbiTerm29230|id_19036|5|Zumbador|Term|Animal|-||-|-|-|19230||
TopUrbiTerm29231|id_19037|5|Zumgut|Term|Animal|-||-|-|-|19231||
TopUrbiTerm29232|id_19038|5|Zurron|Term|Produce|-||-|-|-|19232||
TopUrbiTerm29270|id_18802a|5|Muca-muca|Term|Botany|-||-|-|-|19270||
